application_status,license_type,APPLICATION_CLASSIFICATION,APPLICATION_CLASSIFICATION - Split 1,APPLICATION_CLASSIFICATION - Split 2,APPROVED_LICENSE_TYPE,Approved_License_Stages,lic_status,license_number,business_name,establishment_city,establishment_state,establishment_zipcode,latitude,longitude,business_address_1,business_address_2,business_city,business_state,business_zipcode,geocoded_county,geocoded_address,mailing_address_1,mailing_address_2,mailing_city,mailing_state,mailing_zipcode,EIN_TIN,APPLICATION_NUMBER,SUBMITTED_DATE,FIRST_COMPLIANCE_REVIEW_DATE,LIC_FEE_PAYMENT_SUBMITTED_DATE,PRIORITY,FEE_WAIVER_REQUEST,FEE_WAIVER_EE_OR_SE_NUMBER,EE_PRIORITY_STATUS,EE_PRIORITY_NUMBER_FROM_ACCOUNT,EE_PRIORITY_NUMBER_FROM_APPLICATION,RMD_PRIORITY_STATUS,RMD_PRIORITY_NUMBER_FROM_ACCOUNT,RMD_PRIORITY_NUMBER_FROM_APPLICATION,dbe,cultivation_environment,cultivation_tier,cnb_dt_of_final_licensure,APPLICATION_CREATED_DATE,CNB_DEEMED_COMPLETE_DATE,APPLICATION_APPROVED_DATE,LIC_START_DATE,LIC_EXPIRATION_DATE,ESTABLISHMENT_ADDRESS,ESTABLISHMENT_ADDRESS_2,ESTABLISHMENT_COUNTY,PMT_AMOUNT,LIC_FEE_AMOUNT,ZIP,Town,county,county_lat,county_long,Region
PENDING,Marijuana Retailer,Priority Review - MTC Priority,Priority,MTC Priority,IN PROCESS,IN PROCESS,INCOMPLETE,MR284457,Alternative Compassion Services Inc,Bridgewater,MA,02324,41.986063,-71.021432,693 Elm Street,,Bridgewater,MA,02324,POINT (-70.818958 41.978877),POINT (-71.021432 41.9860630),693 Elm Street,,Bridgewater,MA,02324,46-2655758,MRN284457,Fri Jun 30 2023 13:19:59 GMT-0400 (Eastern Daylight Time),Thu Apr 20 2023 15:31:36 GMT-0400 (Eastern Daylight Time),,True,no,,,,,APPROVED,RP201839,RPA201839,Not a DBE,,,,Mon Oct 18 2021 21:05:57 GMT-0400 (Eastern Daylight Time),Fri Jun 30 2023 14:50:16 GMT-0400 (Eastern Daylight Time),,,,693 Elm St,N/A,Plymouth County,1500,,02324,Bridgewater,Plymouth,41.978877,-70.818958,Southeast and Cape
PENDING,Marijuana Delivery Operator Pre-Certification,Expedited Review - Two or More,Expedited,Two or More,IN PROCESS,IN PROCESS,INCOMPLETE,PMD5914,Flower Xpress,N/A,,N/A,,,63 Pond Street,Apt 9,Sharon,MA,02067,,,63 Pond Street,Apt 9,Sharon,MA,02067,87-3602533,PMDA5914,Thu Jan 12 2023 09:54:34 GMT-0500 (Eastern Standard Time),Wed May 11 2022 10:10:29 GMT-0400 (Eastern Daylight Time),,,,SE305504,,,,,,,Not a DBE,,,,Fri Aug 27 2021 14:27:29 GMT-0400 (Eastern Daylight Time),Fri Jan 27 2023 10:04:57 GMT-0500 (Eastern Standard Time),,,,,,,,,,,,,,
PENDING,Marijuana Retailer,General Applicant,General Applicant,General Applicant,IN PROCESS,IN PROCESS,INCOMPLETE,MR284380,Raíces on the Hill LLC,Boston,MA,02120,42.328039,-71.098501,123 Terrace Street,,Boston,MA,02120,POINT (-71.073493 42.334948),POINT (-71.098500 42.3280389),123 Terrace Street,,Boston,MA,02120,83-4706346,MRN284380,Wed May 17 2023 16:41:52 GMT-0400 (Eastern Daylight Time),Fri Mar 11 2022 11:49:08 GMT-0500 (Eastern Standard Time),,,no,,,,,,,,Not a DBE,,,,Thu Aug 26 2021 08:15:52 GMT-0400 (Eastern Daylight Time),Tue May 30 2023 08:14:46 GMT-0400 (Eastern Daylight Time),,,,123 Terrace St,N/A,Suffolk County,1500,,02120,Boston,Suffolk,42.334948,-71.073493,Metro Boston
PENDING,Marijuana Courier,Expedited Review - Social Equity Participant,Expedited,Social Equity Participant,IN PROCESS,IN PROCESS,INCOMPLETE,DO100168,Mononc Labs LLC,Northampton,,01060,,,567 Pleasant St STE 8,,Brockton,MA,02301,POINT (-72.62073 42.322256),,567 Pleasant St STE 8,,Brockton,MA,02301,00-1436101,DOA100168,Tue Jun 20 2023 11:59:17 GMT-0400 (Eastern Daylight Time),Tue Jun 07 2022 13:38:14 GMT-0400 (Eastern Daylight Time),,,,SE303897,,,,,,,Not a DBE,,,,Wed Apr 13 2022 13:18:15 GMT-0400 (Eastern Daylight Time),,,,,,,,,,01060,Northampton,Hampshire,42.322256,-72.62073,Western MA
PENDING,Marijuana Courier Pre-Certification,Expedited Review - Social Equity Participant,Expedited,Social Equity Participant,IN PROCESS,IN PROCESS,INCOMPLETE,PDO103628,TZ Delivery LLC,N/A,,N/A,,,60 Damon Rd.,,Northampton,MA,01060,,,60 Damon Rd.,,Northampton,MA,01060,87-1189244,PDOA103628,Thu Jan 19 2023 15:09:10 GMT-0500 (Eastern Standard Time),Wed Jan 04 2023 08:30:04 GMT-0500 (Eastern Standard Time),,,,SE305335,,,,,,,Not a DBE,,,,Fri Dec 16 2022 12:38:36 GMT-0500 (Eastern Standard Time),Fri Jan 27 2023 10:17:02 GMT-0500 (Eastern Standard Time),,,,,,,,,,,,,,
PENDING,Marijuana Product Manufacturer,Expedited Review - DBE Status,Expedited,DBE Status,IN PROCESS,IN PROCESS,INCOMPLETE,MP282224,"Eudaimonia Health, LLC",Clinton,MA,01510,42.409983,-71.679317,20 Cameron  Street,,Clinton,MA,01510,POINT (-71.840209 42.329642),POINT (-71.679316 42.4099829),60 Schoolmasters Lane,,Dedham,MA,02026,88-1610302,MPN282224,Mon Jun 26 2023 22:18:06 GMT-0400 (Eastern Daylight Time),Fri Nov 04 2022 10:44:50 GMT-0400 (Eastern Daylight Time),,,no,,,,,,,,Veteran-Owned Business,,,,Fri Aug 05 2022 08:40:23 GMT-0400 (Eastern Daylight Time),Mon Jun 26 2023 15:31:41 GMT-0400 (Eastern Daylight Time),,,,20 Cameron St,N/A,Worcester County,1500,,01510,Clinton,Worcester,42.329642,-71.840209,Central MA
PENDING,Marijuana Retailer,General Applicant,General Applicant,General Applicant,IN PROCESS,IN PROCESS,INCOMPLETE,MR284026,"JO Gardner, Inc.",Gardner,MA,01440,42.561784,-71.992067,110 Turnpike Road,Suite 114,Westborough,MA,01581,POINT (-71.840209 42.329642),POINT (-71.992067 42.5617840),110 Turnpike Road,Suite 114,Westborough,MA,01581,92-2665351,MRN284026,Thu Jun 22 2023 12:32:00 GMT-0400 (Eastern Daylight Time),Mon Mar 01 2021 13:52:45 GMT-0500 (Eastern Standard Time),,,no,,,,,,,,Not a DBE,,,,Wed Jan 13 2021 08:09:29 GMT-0500 (Eastern Standard Time),Fri Jun 30 2023 13:24:55 GMT-0400 (Eastern Daylight Time),,,,320 W Broadway,Unit 1,Worcester County,1500,,01440,Gardner,Worcester,42.329642,-71.840209,Central MA
PENDING,Marijuana Courier,Priority Review - Economic Empowerment Priority,Priority,Economic Empowerment Priority,IN PROCESS,IN PROCESS,INCOMPLETE,DO100174,Tradesman Exchange LLC,Mashpee,,02649,,,226 South Main Street,,Fall River,MA,02721,POINT (-70.301811 41.698999),,226 South Main Street,,Fall River,MA,02721,85-2760510,DOA100174,Tue Nov 08 2022 17:03:12 GMT-0500 (Eastern Standard Time),Tue Sep 06 2022 11:23:22 GMT-0400 (Eastern Daylight Time),,,,EE202151,,,,,,,Not a DBE,,,,Fri Sep 02 2022 10:54:51 GMT-0400 (Eastern Daylight Time),,,,,,,,,,02649,Mashpee,Barnstable,41.698999,-70.301811,Southeast and Cape
PENDING,Marijuana Retailer,Expedited Review - Social Equity Participant,Expedited,Social Equity Participant,IN PROCESS,IN PROCESS,INCOMPLETE,MR284322,"Evoke, Inc.",Boston,,02124,,,1102 Blue HIll Avenue,,Boston,MA,02124,POINT (-71.073493 42.334948),,23 Alpine Street,,Roxbury,MA,02119,84-3219765,MRN284322,Thu Jan 06 2022 12:03:45 GMT-0500 (Eastern Standard Time),Wed Aug 11 2021 14:57:37 GMT-0400 (Eastern Daylight Time),,,yes,SE303542,,,,,,,Not a DBE,,,,Fri Jul 09 2021 11:48:05 GMT-0400 (Eastern Daylight Time),,,,,,,,,,02124,Boston,Suffolk,42.334948,-71.073493,Metro Boston
PENDING,Marijuana Microbusiness,Expedited Review - License Type,Expedited,License Type,IN PROCESS,IN PROCESS,INCOMPLETE,MB281350,Cloudfarming LLC,Boston,,02128,,,50 Condor St,,East Boston,MA,02128,POINT (-71.073493 42.334948),,77 Pond Street,,Marblehead,MA,01945,46-2413335,MBN281350,Tue Jul 11 2023 22:50:22 GMT-0400 (Eastern Daylight Time),Wed Nov 16 2022 11:27:27 GMT-0500 (Eastern Standard Time),,,,,,,,INCOMPLETE,RP201976,,Not a DBE,,,,Sun Apr 29 2018 20:23:33 GMT-0400 (Eastern Daylight Time),,,,,,,,,,02128,Boston,Suffolk,42.334948,-71.073493,Metro Boston
PENDING,Marijuana Retailer,Expedited Review - DBE Status,Expedited,DBE Status,IN PROCESS,IN PROCESS,INCOMPLETE,MR284256,"Community Growth Partners Boston, LLC",Boston,,02118,,,591 Albany Street,,Boston,MA,02118,POINT (-71.073493 42.334948),,783 S. Main Street,,Great Barrington,MA,01230,93-2342240,MRN284256,Fri Aug 25 2023 16:51:55 GMT-0400 (Eastern Daylight Time),Tue Aug 08 2023 09:57:15 GMT-0400 (Eastern Daylight Time),,,no,,INCOMPLETE,EE202038,,,,,Woman-Owned Business,,,,Fri May 21 2021 11:07:38 GMT-0400 (Eastern Daylight Time),,,,,,,,1500,,02118,Boston,Suffolk,42.334948,-71.073493,Metro Boston
PENDING,Marijuana Retailer,Expedited Review - Social Equity Participant,Expedited,Social Equity Participant,IN PROCESS,IN PROCESS,INCOMPLETE,MR284914,"Underground Legacy Social Club, LLC",Boston,MA,02126,42.277081,-71.093891,1379-1385 Blue Hill Avenue,,Boston,MA,02126,POINT (-71.073493 42.334948),POINT (-71.093890 42.2770810),26 JEFFERS STREET,,Boston,MA,02131,88-1390028,MRN284914,Wed Jul 26 2023 13:33:51 GMT-0400 (Eastern Daylight Time),Fri Jun 02 2023 09:12:12 GMT-0400 (Eastern Daylight Time),,,yes,SE305137,,,,,,,Not a DBE,,,,Thu Apr 06 2023 12:28:52 GMT-0400 (Eastern Daylight Time),Fri Jul 28 2023 10:09:08 GMT-0400 (Eastern Daylight Time),,,,,N/A,Suffolk County,,,02126,Mattapan,Suffolk,42.334948,-71.073493,
PENDING,Marijuana Retailer,Expedited Review - DBE Status,Expedited,DBE Status,IN PROCESS,IN PROCESS,INCOMPLETE,MR284913,Pluto Cannabis Co.,Lynn,MA,01901,42.462928,-70.947203,193 Oxford St,,Lynn,MA,01901,POINT (-70.970827 42.635475),POINT (-70.947203 42.4629279),4 Michael Drive,,Burlington,MA,01803,92-3318942,MRN284913,Tue Jun 13 2023 15:59:02 GMT-0400 (Eastern Daylight Time),Wed May 24 2023 09:01:15 GMT-0400 (Eastern Daylight Time),,,no,,,,,,,,Minority-Owned Business,,,,Tue Apr 04 2023 10:39:12 GMT-0400 (Eastern Daylight Time),Fri Jun 23 2023 13:21:32 GMT-0400 (Eastern Daylight Time),,,,192 Oxford St,N/A,Essex County,1500,,01901,Lynn,Essex,42.635475,-70.970827,Northeast
PENDING,Marijuana Product Manufacturer,General Applicant,General Applicant,General Applicant,IN PROCESS,IN PROCESS,INCOMPLETE,MP282279,FreeMarketMA LLC,Berkley,,02779,,,118 Bayview Avenue,,Berkley,MA,02779,POINT (-71.102131 41.778329),,401 Middle Road,,Acushnet,MA,02743,92-2240920,MPN282279,Tue Aug 22 2023 16:18:40 GMT-0400 (Eastern Daylight Time),Thu Jul 20 2023 11:49:08 GMT-0400 (Eastern Daylight Time),,,no,,,,,,,,Not a DBE,,,,Sat Jun 17 2023 11:28:39 GMT-0400 (Eastern Daylight Time),,,,,,,,1500,,02779,Berkley,Bristol,41.778329,-71.102131,Southeast and Cape
PENDING,Marijuana Retailer,General Applicant,General Applicant,General Applicant,IN PROCESS,IN PROCESS,INCOMPLETE,MR284995,Elevated Roots III LLC,Abington,MA,02338,42.141441,-70.951618,1423 Bedford Street,,Abington,MA,02351,POINT (-70.818958 41.978877),POINT (-70.951617 42.141441),44 William C. Gould Way,,Kingston,MA,02364,88-3735625,MRN284995,Mon Aug 14 2023 18:26:53 GMT-0400 (Eastern Daylight Time),Fri Jul 28 2023 14:05:07 GMT-0400 (Eastern Daylight Time),,,no,,,,,,,,Not a DBE,,,,Fri Jul 21 2023 08:56:23 GMT-0400 (Eastern Daylight Time),Fri Aug 25 2023 11:03:33 GMT-0400 (Eastern Daylight Time),,,,1423 Bedford St,Units 4 and 5,Plymouth County,1500,,02338,Halifax,Plymouth,41.978877,-70.818958,Southeast and Cape
PENDING,Marijuana Product Manufacturer,Expedited Review - Social Equity Participant,Expedited,Social Equity Participant,IN PROCESS,IN PROCESS,INCOMPLETE,MP282266,Coastal Roots LLC,Middleborough,MA,02346,41.856716,-70.864105,112 Winter Street,,Hanson,MA,02341,POINT (-70.818958 41.978877),POINT (-70.864104 41.8567159),112 Winter Street,,Hanson,MA,02341,85-1767963,MPN282266,Wed Apr 05 2023 14:30:59 GMT-0400 (Eastern Daylight Time),Mon Mar 06 2023 09:13:47 GMT-0500 (Eastern Standard Time),,,yes,SE305010,,,,,,,Not a DBE,,,,Thu Feb 23 2023 15:02:15 GMT-0500 (Eastern Standard Time),Fri Apr 14 2023 10:12:50 GMT-0400 (Eastern Daylight Time),,,,9 Charlotte Ct,Building #9,Plymouth County,,,02346,Middleboro,Plymouth,41.978877,-70.818958,
PENDING,Marijuana Retailer,Expedited Review - DBE Status,Expedited,DBE Status,IN PROCESS,IN PROCESS,INCOMPLETE,MR284969,Yellow House Cannabis LLC,Tyngsborough,,01879,,,405-409 Middlesex Rd,,Tyngsborough,MA,01879,POINT (-71.275566 42.459085),,47 Bailey Drive,,Rochester,NH,03868,93-2712891,MRN284969,Thu Aug 31 2023 13:56:52 GMT-0400 (Eastern Daylight Time),,,,no,,,,,,,,Veteran-Owned Business,,,,Thu Jun 15 2023 09:48:29 GMT-0400 (Eastern Daylight Time),,,,,,,,1500,,01879,Tyngsboro,Middlesex,42.459085,-71.275566,
PENDING,Marijuana Retailer,Expedited Review - Social Equity Participant,Expedited,Social Equity Participant,IN PROCESS,IN PROCESS,INCOMPLETE,MR284875,Build A Life Legacy LLC,Boston,MA,02126,42.267008,-71.094741,536-538 River St,,MATTAPAN,MA,02126,POINT (-71.073493 42.334948),POINT (-71.094740 42.2670079),"28 Church St, Ste 14 #1260",,Winchester,MA,01890,85-4131840,MRN284875,Wed Aug 02 2023 17:48:39 GMT-0400 (Eastern Daylight Time),Tue Mar 21 2023 09:34:07 GMT-0400 (Eastern Daylight Time),,,yes,SE305504,,,,,,,Not a DBE,,,,Mon Feb 13 2023 15:44:13 GMT-0500 (Eastern Standard Time),Fri Aug 04 2023 09:55:59 GMT-0400 (Eastern Daylight Time),,,,538 River St,N/A,Suffolk County,,,02126,Mattapan,Suffolk,42.334948,-71.073493,
PENDING,Marijuana Retailer,General Applicant,General Applicant,General Applicant,IN PROCESS,IN PROCESS,INCOMPLETE,MR284861,Escarcha Verde Inc.,Holyoke,,01040,,,382 Dwight Street,,Holyoke,MA,01040,POINT (-72.571312 42.12756),,382 Dwight Street,,Holyoke,MA,01040,88-3416403,MRN284861,Fri May 12 2023 16:08:36 GMT-0400 (Eastern Daylight Time),Wed Feb 01 2023 15:37:08 GMT-0500 (Eastern Standard Time),,,no,,,,,,,,Not a DBE,,,,Tue Jan 24 2023 14:43:57 GMT-0500 (Eastern Standard Time),,,,,,,,1500,,01040,Holyoke,Hampden,42.12756,-72.571312,Western MA
PENDING,Marijuana Retailer,Expedited Review - DBE Status,Expedited,DBE Status,IN PROCESS,IN PROCESS,INCOMPLETE,MR284846,The Stories Company Whitman LLC,Whitman,MA,02382,42.081702,-70.94689,109 Raffaele Drive,,Waltham,MA,02452,POINT (-70.818958 41.978877),POINT (-70.946889 42.081702),109 Raffaele Drive,,Waltham,MA,02452,92-2000543,MRN284846,Tue Aug 01 2023 15:22:02 GMT-0400 (Eastern Daylight Time),Fri Jul 07 2023 09:59:15 GMT-0400 (Eastern Daylight Time),,,no,,,,,,,,Minority-Owned Business,,,,Wed Jan 04 2023 11:38:52 GMT-0500 (Eastern Standard Time),Fri Aug 04 2023 09:13:01 GMT-0400 (Eastern Daylight Time),,,,769 Bedford St,N/A,Plymouth County,1500,,02382,Whitman,Plymouth,41.978877,-70.818958,Southeast and Cape
PENDING,Marijuana Delivery Operator Pre-Certification,Expedited Review - Social Equity Participant,Expedited,Social Equity Participant,IN PROCESS,IN PROCESS,INCOMPLETE,PMD5909,Monarchy Cannabis Inc,N/A,,N/A,,,27 Congress St,Suite 4176,Salem,MA,01970,,,43 Bow Ridge Rd,,Lynn,MA,01904,88-3927884,PMDA5909,Thu Jan 05 2023 15:34:30 GMT-0500 (Eastern Standard Time),Fri Nov 18 2022 16:47:36 GMT-0500 (Eastern Standard Time),,,,se305357,,,,,,,Woman-Owned Business | Minority-Owned Business,,,,Wed Aug 11 2021 17:11:55 GMT-0400 (Eastern Daylight Time),,,,,,,,,,,,,,,
PENDING,Marijuana Delivery Operator,Expedited Review - Social Equity Participant,Expedited,Social Equity Participant,IN PROCESS,IN PROCESS,INCOMPLETE,MD1291,Massachusetts Caregivers LLC,Greenfield,,01301,,,405 Deerfield St.,,Greenfield,MA,01301,POINT (-72.573941 42.587072),,52 B Northampton St.,,Easthampton,MA,01027,12-1234567,MDA1291,Mon Mar 13 2023 09:36:52 GMT-0400 (Eastern Daylight Time),Wed Jun 22 2022 10:42:37 GMT-0400 (Eastern Daylight Time),,,,SE303999,,,,,,,Not a DBE,,,,Fri Dec 17 2021 14:47:35 GMT-0500 (Eastern Standard Time),,,,,,,,,,01301,Greenfield,Franklin,42.587072,-72.573941,Western MA
PENDING,Marijuana Cultivator,General Applicant,General Applicant,General Applicant,IN PROCESS,IN PROCESS,INCOMPLETE,MC283849,Burn Bright LLC,Holyoke,MA,01040,42.196637,-72.602168,1 Cabot Street Unit #8,,Holyoke,MA,01040,POINT (-72.571312 42.12756),POINT (-72.602168 42.1966370),1 Cabot Street Unit #8,,Holyoke,MA,01040,32-0702878,MCN283849,Wed Jun 28 2023 16:44:37 GMT-0400 (Eastern Daylight Time),Wed Apr 19 2023 08:43:25 GMT-0400 (Eastern Daylight Time),,,no,,,,,,,,Not a DBE,Indoor,"Tier 01: up to 5,000 square feet",,Sun Mar 05 2023 10:59:47 GMT-0500 (Eastern Standard Time),Fri Jul 14 2023 15:19:23 GMT-0400 (Eastern Daylight Time),,,,1 Cabot St,N/A,Hampden County,200,,01040,Holyoke,Hampden,42.12756,-72.571312,Western MA
PENDING,Marijuana Delivery Operator,Expedited Review - Social Equity Participant,Expedited,Social Equity Participant,IN PROCESS,IN PROCESS,INCOMPLETE,MD1320,Gas Bus LLC,Middleborough,,02346,,,321 West Grove St,,Middleborough,MA,02346,POINT (-70.818958 41.978877),,33 Cederus Ave,,Boston,MA,02131,85-1367777,MDA1320,Thu Aug 17 2023 11:38:31 GMT-0400 (Eastern Daylight Time),Fri Jun 23 2023 13:57:32 GMT-0400 (Eastern Daylight Time),,,,SE306290,,,,,,,Not a DBE,,,,Thu Sep 29 2022 00:49:09 GMT-0400 (Eastern Daylight Time),Fri Jul 28 2023 10:25:59 GMT-0400 (Eastern Daylight Time),,,,,,,,,02346,Middleboro,Plymouth,41.978877,-70.818958,
PENDING,Marijuana Cultivator,Expedited Review - DBE Status,Expedited,DBE Status,IN PROCESS,IN PROCESS,INCOMPLETE,MC283783,"Eudaimonia Health, LLC",Clinton,MA,01510,42.409983,-71.679317,20 Cameron Street,,Clinton,MA,01510,POINT (-71.840209 42.329642),POINT (-71.679316 42.4099829),60 Schoolmasters Lane,,Dedham,MA,02026,88-1610302,MCN283783,Fri Jun 02 2023 09:18:11 GMT-0400 (Eastern Daylight Time),Mon Oct 31 2022 09:43:14 GMT-0400 (Eastern Daylight Time),,,no,,,,,,,,Veteran-Owned Business,Indoor,"Tier 02: 5,001 to 10,000 sq. ft.",,Thu Sep 08 2022 16:12:39 GMT-0400 (Eastern Daylight Time),Mon Jun 26 2023 15:31:21 GMT-0400 (Eastern Daylight Time),,,,20 Cameron St,N/A,Worcester County,600,,01510,Clinton,Worcester,42.329642,-71.840209,Central MA
PENDING,Marijuana Retailer,Priority Review - Economic Empowerment Priority,Priority,Economic Empowerment Priority,IN PROCESS,IN PROCESS,INCOMPLETE,MR284583,Healing Greene Massachusetts LLC,Cambridge,MA,02140,42.389849,-71.120721,1960 Massachusetts Avenue,,Cambridge,MA,02140,POINT (-71.275566 42.459085),POINT (-71.120721 42.3898489),1960 Massachusetts Avenue,,Cambridge,MA,02140,87-4201856,MRN284583,Thu Jun 22 2023 13:56:38 GMT-0400 (Eastern Daylight Time),Wed May 31 2023 14:02:51 GMT-0400 (Eastern Daylight Time),,True,yes,EE201902,,,EE201902,,,,Not a DBE,,,,Wed Feb 02 2022 14:56:35 GMT-0500 (Eastern Standard Time),Fri Jun 30 2023 14:37:26 GMT-0400 (Eastern Daylight Time),,,,1960 Massachusetts Ave,N/A,Middlesex County,,,02140,Cambridge,Middlesex,42.459085,-71.275566,Metro Boston
PENDING,Marijuana Retailer,Expedited Review - Social Equity Participant,Expedited,Social Equity Participant,IN PROCESS,IN PROCESS,INCOMPLETE,MR284973,Herbal Power LLC,Boston,,02116,,,329 Columbus Avenue,Unit 1,Boston,MA,02116,POINT (-71.073493 42.334948),,78 Zeigler Street,,Roxbury,MA,02119,87-3104706,MRN284973,Fri Sep 01 2023 14:18:50 GMT-0400 (Eastern Daylight Time),Fri Jul 07 2023 14:18:56 GMT-0400 (Eastern Daylight Time),,,yes,SE304406,,,,,,,Not a DBE,,,,Sat Jun 17 2023 12:40:28 GMT-0400 (Eastern Daylight Time),,,,,,,,,,02116,Boston,Suffolk,42.334948,-71.073493,Metro Boston
PENDING,Marijuana Retailer,General Applicant,General Applicant,General Applicant,IN PROCESS,IN PROCESS,INCOMPLETE,MR284774,"UC Retail, LLC",Bolton,MA,01740,42.430045,-71.589066,476 Main Street,,Bolton,MA,01740,POINT (-71.840209 42.329642),POINT (-71.589066 42.430045),601 Fitchburg State Road,,Ashby,MA,01431,87-2349254,MRN284774,Thu Aug 31 2023 08:41:41 GMT-0400 (Eastern Daylight Time),Tue Nov 29 2022 14:23:49 GMT-0500 (Eastern Standard Time),,,no,,,,,,,,Not a DBE,,,,Thu Sep 29 2022 09:15:04 GMT-0400 (Eastern Daylight Time),Fri Jul 28 2023 09:50:27 GMT-0400 (Eastern Daylight Time),,,,476 Main St,N/A,Worcester County,1500,,01740,Bolton,Worcester,42.329642,-71.840209,Central MA
PENDING,Marijuana Cultivator,Expedited Review - Social Equity Participant,Expedited,Social Equity Participant,IN PROCESS,IN PROCESS,INCOMPLETE,MC283846,Coastal Roots LLC,Middleborough,MA,02346,41.856716,-70.864105,112 Winter Street,,Hanson,MA,02341,POINT (-70.818958 41.978877),POINT (-70.864104 41.8567159),112 Winter Street,,Hanson,MA,02341,85-1767963,MCN283846,Wed Apr 05 2023 14:29:52 GMT-0400 (Eastern Daylight Time),Mon Mar 06 2023 09:13:08 GMT-0500 (Eastern Standard Time),,,yes,SE305010,,,,,,,Not a DBE,Indoor,"Tier 01: up to 5,000 square feet",,Fri Feb 24 2023 15:52:36 GMT-0500 (Eastern Standard Time),Fri Apr 14 2023 10:13:21 GMT-0400 (Eastern Daylight Time),,,,9 Charlotte Ct,Building #9,Plymouth County,,,02346,Middleboro,Plymouth,41.978877,-70.818958,
PENDING,Marijuana Retailer,General Applicant,General Applicant,General Applicant,IN PROCESS,IN PROCESS,INCOMPLETE,MR284796,Porter Square Remedies LLC,Cambridge,MA,02140,42.388897,-71.119873,1908 Massachusetts Avenue,,Cambridge,MA,02140,POINT (-71.275566 42.459085),POINT (-71.119872 42.388897),2408 Princeton Way,,Westford,MA,01886,87-2075276,MRN284796,Fri Jul 21 2023 15:57:57 GMT-0400 (Eastern Daylight Time),Wed Dec 07 2022 08:36:17 GMT-0500 (Eastern Standard Time),,,no,,,,,,,,Not a DBE,,,,Tue Oct 25 2022 13:37:14 GMT-0400 (Eastern Daylight Time),Fri Jul 28 2023 09:27:47 GMT-0400 (Eastern Daylight Time),,,,1908 Massachusetts Ave,N/A,Middlesex County,1500,,02140,Cambridge,Middlesex,42.459085,-71.275566,Metro Boston
PENDING,Marijuana Retailer,General Applicant,General Applicant,General Applicant,IN PROCESS,IN PROCESS,INCOMPLETE,MR284652,"Kur Retailers, LLC",Springfield,,01109,,,46 Moore St,,E. Longmeadow,MA,01028,POINT (-72.571312 42.12756),,2611 Woodruff Rd,,Spokane,WA,99206,86-2696634,MRN284652,Thu Apr 20 2023 14:02:26 GMT-0400 (Eastern Daylight Time),Thu Jun 23 2022 10:45:32 GMT-0400 (Eastern Daylight Time),,,no,,,,,,,,Not a DBE,,,,Fri May 06 2022 13:52:37 GMT-0400 (Eastern Daylight Time),,,,,,,,1500,,01109,Springfield,Hampden,42.12756,-72.571312,Western MA
PENDING,Marijuana Product Manufacturer,Expedited Review - Social Equity Participant,Expedited,Social Equity Participant,IN PROCESS,IN PROCESS,INCOMPLETE,MP282203,OGeez Brands MA LLC,Hopedale,MA,01747,42.104566,-71.50233,6 Charlesview Road,Suite 1,Hopedale,MA,01747,POINT (-71.840209 42.329642),POINT (-71.502330 42.1045659),55 Linden St,,Douglas,MA,01516,88-2417250,MPN282203,Wed Jul 19 2023 10:39:38 GMT-0400 (Eastern Daylight Time),Thu Nov 17 2022 10:03:03 GMT-0500 (Eastern Standard Time),,,no,,,,,,,,Not a DBE,,,,Mon May 16 2022 12:48:25 GMT-0400 (Eastern Daylight Time),Fri Aug 04 2023 08:55:35 GMT-0400 (Eastern Daylight Time),,,,6 Charlesview Rd,Suite 1,Worcester County,1500,,01747,Hopedale,Worcester,42.329642,-71.840209,Central MA
